total_score,satification_score
1,FALSE
1.01,FALSE
1.01,FALSE
1.01,FALSE
1.02,FALSE
1.04,FALSE
1.04,FALSE
1.05,FALSE
1.06,FALSE
1.06,FALSE
1.09,FALSE
1.1,FALSE
1.1,FALSE
1.1,FALSE
1.11,FALSE
1.13,FALSE
1.13,FALSE
1.13,FALSE
1.14,FALSE
1.16,FALSE
1.16,FALSE
1.17,FALSE
1.18,FALSE
1.18,FALSE
1.19,FALSE
1.19,FALSE
1.2,FALSE
1.2,FALSE
1.21,FALSE
1.21,FALSE
1.23,FALSE
1.24,FALSE
1.27,FALSE
1.27,FALSE
1.27,FALSE
1.28,FALSE
1.28,FALSE
1.29,FALSE
1.3,FALSE
1.3,FALSE
1.32,FALSE
1.33,FALSE
1.33,FALSE
1.33,FALSE
1.33,FALSE
1.35,FALSE
1.35,FALSE
1.36,FALSE
1.36,FALSE
1.38,FALSE
1.38,FALSE
1.39,FALSE
1.4,FALSE
1.4,FALSE
1.4,FALSE
1.41,FALSE
1.41,FALSE
1.42,FALSE
1.43,FALSE
1.43,FALSE
1.45,FALSE
1.45,FALSE
1.45,FALSE
1.45,FALSE
1.48,FALSE
1.48,FALSE
1.52,FALSE
1.52,FALSE
1.52,FALSE
1.53,FALSE
1.53,FALSE
1.54,FALSE
1.54,FALSE
1.56,FALSE
1.57,FALSE
1.57,FALSE
1.58,FALSE
1.58,FALSE
1.59,FALSE
1.59,FALSE
1.6,FALSE
1.6,FALSE
1.62,FALSE
1.62,FALSE
1.63,FALSE
1.63,FALSE
1.65,FALSE
1.66,FALSE
1.66,FALSE
1.67,FALSE
1.68,FALSE
1.7,FALSE
1.72,FALSE
1.73,FALSE
1.74,FALSE
1.74,FALSE
1.75,FALSE
1.75,FALSE
1.75,FALSE
1.76,FALSE
1.77,FALSE
1.78,FALSE
1.79,FALSE
1.8,FALSE
1.8,FALSE
1.8,FALSE
1.81,FALSE
1.86,FALSE
1.86,FALSE
1.86,FALSE
1.86,FALSE
1.86,FALSE
1.86,FALSE
1.88,FALSE
1.9,FALSE
1.93,FALSE
1.94,FALSE
1.94,FALSE
1.98,FALSE
1.99,FALSE
1.99,FALSE
2,FALSE
2,FALSE
2.04,FALSE
2.05,FALSE
2.05,FALSE
2.06,FALSE
2.07,FALSE
2.08,FALSE
2.08,FALSE
2.08,FALSE
2.09,FALSE
2.09,FALSE
2.11,FALSE
2.11,FALSE
2.11,FALSE
2.19,FALSE
2.19,FALSE
2.2,FALSE
2.21,FALSE
2.21,FALSE
2.23,FALSE
2.26,FALSE
2.28,FALSE
2.3,FALSE
2.32,FALSE
2.33,FALSE
2.33,FALSE
2.36,FALSE
2.37,FALSE
2.38,FALSE
2.39,FALSE
2.44,FALSE
2.45,FALSE
2.45,FALSE
2.46,FALSE
2.46,FALSE
2.46,FALSE
2.49,FALSE
2.49,FALSE
2.49,FALSE
2.49,FALSE
2.5,FALSE
2.51,FALSE
2.53,FALSE
2.53,FALSE
2.53,FALSE
2.55,FALSE
2.59,FALSE
2.6,FALSE
2.6,FALSE
2.63,FALSE
2.64,FALSE
2.65,FALSE
2.65,FALSE
2.68,FALSE
2.69,FALSE
2.7,FALSE
2.7,FALSE
2.72,FALSE
2.72,FALSE
2.73,FALSE
2.73,FALSE
2.76,FALSE
2.78,FALSE
2.79,FALSE
2.79,FALSE
2.8,FALSE
2.8,FALSE
2.8,FALSE
2.8,FALSE
2.82,FALSE
2.82,FALSE
2.84,FALSE
2.84,FALSE
2.85,FALSE
2.89,FALSE
2.89,FALSE
2.9,FALSE
2.9,FALSE
2.91,FALSE
2.91,FALSE
2.92,FALSE
2.92,FALSE
2.92,FALSE
2.93,FALSE
2.93,FALSE
2.93,FALSE
2.95,FALSE
2.95,FALSE
2.97,FALSE
2.98,FALSE
3.01,FALSE
3.03,FALSE
3.03,FALSE
3.07,FALSE
3.07,FALSE
3.07,FALSE
3.07,FALSE
3.08,FALSE
3.1,FALSE
3.1,FALSE
3.1,FALSE
3.12,FALSE
3.13,FALSE
3.13,FALSE
3.14,FALSE
3.14,FALSE
3.17,FALSE
3.17,FALSE
3.17,FALSE
3.18,FALSE
3.19,FALSE
3.19,FALSE
3.22,FALSE
3.22,FALSE
3.24,FALSE
3.24,FALSE
3.26,FALSE
3.26,FALSE
3.26,FALSE
3.27,FALSE
3.28,FALSE
3.28,FALSE
3.28,FALSE
3.3,FALSE
3.32,FALSE
3.33,FALSE
3.34,FALSE
3.34,FALSE
3.35,FALSE
3.37,FALSE
3.39,FALSE
3.4,FALSE
3.41,FALSE
3.41,FALSE
3.41,FALSE
3.43,FALSE
3.46,FALSE
3.46,FALSE
3.46,FALSE
3.47,FALSE
3.48,FALSE
3.48,FALSE
3.49,FALSE
3.49,FALSE
3.5,FALSE
3.5,FALSE
3.51,FALSE
3.51,FALSE
3.51,FALSE
3.55,FALSE
3.55,FALSE
3.56,FALSE
3.59,FALSE
3.59,FALSE
3.59,FALSE
3.6,FALSE
3.61,FALSE
3.61,FALSE
3.61,FALSE
3.61,FALSE
3.61,FALSE
3.62,FALSE
3.63,FALSE
3.64,FALSE
3.64,FALSE
3.66,FALSE
3.68,FALSE
3.68,FALSE
3.69,FALSE
3.69,FALSE
3.69,FALSE
3.7,FALSE
3.7,FALSE
3.7,FALSE
3.71,FALSE
3.71,FALSE
3.72,FALSE
3.73,FALSE
3.73,FALSE
3.74,FALSE
3.76,FALSE
3.76,FALSE
3.77,FALSE
3.78,FALSE
3.78,FALSE
3.8,FALSE
3.8,FALSE
3.82,FALSE
3.82,FALSE
3.82,FALSE
3.83,FALSE
3.84,FALSE
3.84,FALSE
3.84,FALSE
3.85,FALSE
3.86,FALSE
3.87,FALSE
3.87,FALSE
3.89,FALSE
3.89,FALSE
3.9,FALSE
3.91,FALSE
3.94,FALSE
3.95,FALSE
3.96,FALSE
3.96,FALSE
3.96,FALSE
3.97,FALSE
3.97,FALSE
4.02,FALSE
4.02,FALSE
4.03,FALSE
4.03,FALSE
4.04,FALSE
4.05,FALSE
4.06,FALSE
4.06,FALSE
4.06,FALSE
4.09,FALSE
4.1,FALSE
4.14,FALSE
4.14,FALSE
4.15,FALSE
4.15,FALSE
4.15,FALSE
4.15,FALSE
4.15,FALSE
4.16,FALSE
4.17,FALSE
4.17,FALSE
4.18,FALSE
4.18,FALSE
4.18,FALSE
4.19,FALSE
4.21,FALSE
4.21,FALSE
4.22,FALSE
4.24,FALSE
4.24,FALSE
4.24,FALSE
4.25,FALSE
4.26,FALSE
4.26,FALSE
4.27,FALSE
4.28,TRUE
4.31,TRUE
4.32,TRUE
4.33,FALSE
4.33,FALSE
4.33,FALSE
4.33,FALSE
4.33,FALSE
4.34,FALSE
4.35,FALSE
4.37,FALSE
4.37,FALSE
4.37,FALSE
4.39,FALSE
4.39,FALSE
4.4,FALSE
4.41,FALSE
4.42,FALSE
4.44,FALSE
4.44,FALSE
4.45,FALSE
4.45,FALSE
4.46,FALSE
4.48,FALSE
4.5,FALSE
4.52,FALSE
4.54,FALSE
4.55,FALSE
4.55,FALSE
4.55,FALSE
4.56,FALSE
4.56,FALSE
4.56,FALSE
4.57,FALSE
4.57,FALSE
4.57,FALSE
4.57,FALSE
4.58,FALSE
4.59,FALSE
4.59,FALSE
4.59,FALSE
4.6,FALSE
4.61,FALSE
4.61,FALSE
4.62,FALSE
4.62,FALSE
4.63,FALSE
4.64,FALSE
4.65,FALSE
4.65,FALSE
4.65,FALSE
4.66,FALSE
4.66,FALSE
4.7,FALSE
4.71,FALSE
4.76,FALSE
4.76,FALSE
4.76,FALSE
4.78,FALSE
4.78,FALSE
4.79,FALSE
4.79,FALSE
4.79,FALSE
4.8,FALSE
4.8,FALSE
4.8,FALSE
4.81,FALSE
4.83,FALSE
4.87,FALSE
4.89,FALSE
4.9,FALSE
4.9,FALSE
4.9,FALSE
4.91,FALSE
4.91,FALSE
4.91,FALSE
4.92,FALSE
4.92,FALSE
4.93,FALSE
4.93,FALSE
4.93,FALSE
4.97,FALSE
4.99,FALSE
5,FALSE
5.01,FALSE
5.02,TRUE
5.03,TRUE
5.03,FALSE
5.06,FALSE
5.09,TRUE
5.1,TRUE
5.1,TRUE
5.12,FALSE
5.12,TRUE
5.16,TRUE
5.17,FALSE
5.17,FALSE
5.17,TRUE
5.18,TRUE
5.18,FALSE
5.19,FALSE
5.19,FALSE
5.19,TRUE
5.19,FALSE
5.2,TRUE
5.23,FALSE
5.23,TRUE
5.23,TRUE
5.24,FALSE
5.25,FALSE
5.25,TRUE
5.26,TRUE
5.26,TRUE
5.28,TRUE
5.31,FALSE
5.32,FALSE
5.33,TRUE
5.34,FALSE
5.34,TRUE
5.35,FALSE
5.37,FALSE
5.37,FALSE
5.37,FALSE
5.38,FALSE
5.38,FALSE
5.39,TRUE
5.39,FALSE
5.39,TRUE
5.39,FALSE
5.4,FALSE
5.4,FALSE
5.41,TRUE
5.41,TRUE
5.41,FALSE
5.42,FALSE
5.43,TRUE
5.43,FALSE
5.44,TRUE
5.44,TRUE
5.44,TRUE
5.45,FALSE
5.45,FALSE
5.46,FALSE
5.48,FALSE
5.49,TRUE
5.49,TRUE
5.5,TRUE
5.51,TRUE
5.52,FALSE
5.52,TRUE
5.53,FALSE
5.55,TRUE
5.55,TRUE
5.55,FALSE
5.58,TRUE
5.59,FALSE
5.59,TRUE
5.59,FALSE
5.59,TRUE
5.59,FALSE
5.6,FALSE
5.6,FALSE
5.61,FALSE
5.61,TRUE
5.61,FALSE
5.66,TRUE
5.67,TRUE
5.67,TRUE
5.68,TRUE
5.7,TRUE
5.71,FALSE
5.71,TRUE
5.72,FALSE
5.74,FALSE
5.75,TRUE
5.75,TRUE
5.75,FALSE
5.75,TRUE
5.76,FALSE
5.78,FALSE
5.79,FALSE
5.8,FALSE
5.8,TRUE
5.81,FALSE
5.81,TRUE
5.81,FALSE
5.81,FALSE
5.81,TRUE
5.82,TRUE
5.84,FALSE
5.85,FALSE
5.85,TRUE
5.86,FALSE
5.87,FALSE
5.87,TRUE
5.88,TRUE
5.9,FALSE
5.91,TRUE
5.91,FALSE
5.92,TRUE
5.94,FALSE
5.94,FALSE
5.95,FALSE
5.95,FALSE
5.95,FALSE
5.95,TRUE
5.96,TRUE
5.98,FALSE
5.98,FALSE
5.98,TRUE
5.98,TRUE
5.99,FALSE
5.99,FALSE
6,TRUE
6.01,FALSE
6.02,FALSE
6.03,FALSE
6.05,FALSE
6.06,TRUE
6.08,TRUE
6.09,FALSE
6.1,TRUE
6.11,TRUE
6.11,TRUE
6.13,TRUE
6.14,TRUE
6.15,TRUE
6.15,FALSE
6.16,FALSE
6.18,FALSE
6.23,FALSE
6.23,FALSE
6.23,FALSE
6.23,TRUE
6.24,FALSE
6.24,TRUE
6.25,TRUE
6.26,FALSE
6.26,FALSE
6.27,TRUE
6.28,TRUE
6.3,TRUE
6.3,FALSE
6.3,TRUE
6.31,TRUE
6.32,FALSE
6.34,TRUE
6.36,FALSE
6.4,TRUE
6.4,FALSE
6.42,TRUE
6.43,FALSE
6.44,TRUE
6.44,TRUE
6.44,TRUE
6.47,FALSE
6.47,FALSE
6.48,FALSE
6.48,TRUE
6.48,TRUE
6.49,FALSE
6.5,FALSE
6.55,TRUE
6.56,TRUE
6.57,FALSE
6.57,FALSE
6.6,TRUE
6.6,TRUE
6.61,TRUE
6.62,TRUE
6.63,FALSE
6.64,TRUE
6.66,FALSE
6.66,TRUE
6.68,TRUE
6.69,TRUE
6.7,TRUE
6.7,TRUE
6.7,TRUE
6.72,TRUE
6.72,TRUE
6.73,TRUE
6.73,TRUE
6.75,TRUE
6.77,TRUE
6.77,TRUE
6.78,TRUE
6.81,TRUE
6.84,TRUE
6.85,TRUE
6.91,TRUE
6.91,TRUE
6.92,TRUE
6.92,TRUE
6.93,TRUE
6.93,TRUE
6.95,TRUE
6.95,TRUE
6.96,TRUE
6.96,TRUE
6.98,TRUE
6.98,TRUE
7.01,TRUE
7.01,TRUE
7.04,TRUE
7.05,TRUE
7.06,TRUE
7.06,TRUE
7.06,TRUE
7.08,TRUE
7.08,TRUE
7.08,TRUE
7.09,TRUE
7.09,TRUE
7.11,TRUE
7.11,TRUE
7.11,TRUE
7.11,TRUE
7.13,TRUE
7.14,TRUE
7.15,TRUE
7.15,TRUE
7.15,TRUE
7.16,TRUE
7.2,TRUE
7.23,TRUE
7.23,TRUE
7.24,TRUE
7.24,TRUE
7.26,TRUE
7.26,TRUE
7.26,TRUE
7.26,TRUE
7.27,TRUE
7.27,TRUE
7.29,TRUE
7.3,TRUE
7.3,TRUE
7.31,TRUE
7.32,TRUE
7.32,TRUE
7.33,TRUE
7.37,TRUE
7.38,TRUE
7.38,TRUE
7.38,TRUE
7.39,TRUE
7.4,TRUE
7.41,TRUE
7.41,TRUE
7.43,TRUE
7.44,TRUE
7.45,TRUE
7.45,TRUE
7.45,TRUE
7.45,TRUE
7.46,TRUE
7.47,TRUE
7.5,FALSE
7.52,TRUE
7.53,TRUE
7.54,TRUE
7.55,TRUE
7.56,TRUE
7.56,FALSE
7.57,TRUE
7.57,TRUE
7.58,FALSE
7.58,FALSE
7.59,TRUE
7.62,FALSE
7.64,TRUE
7.66,FALSE
7.66,FALSE
7.67,TRUE
7.69,FALSE
7.69,FALSE
7.69,FALSE
7.7,TRUE
7.7,TRUE
7.71,FALSE
7.71,FALSE
7.72,TRUE
7.72,TRUE
7.72,FALSE
7.73,TRUE
7.73,FALSE
7.74,TRUE
7.75,FALSE
7.76,TRUE
7.77,TRUE
7.79,TRUE
7.79,FALSE
7.8,FALSE
7.8,TRUE
7.8,FALSE
7.81,FALSE
7.83,FALSE
7.83,TRUE
7.83,FALSE
7.85,TRUE
7.86,TRUE
7.86,FALSE
7.88,TRUE
7.88,TRUE
7.88,TRUE
7.9,FALSE
7.91,TRUE
7.93,TRUE
7.94,FALSE
7.95,FALSE
7.96,FALSE
7.96,TRUE
7.97,TRUE
7.98,TRUE
7.98,TRUE
8,TRUE
8.01,TRUE
8.01,TRUE
8.01,TRUE
8.01,TRUE
8.02,TRUE
8.03,TRUE
8.04,TRUE
8.05,TRUE
8.06,TRUE
8.07,TRUE
8.08,TRUE
8.08,TRUE
8.08,TRUE
8.1,TRUE
8.11,TRUE
8.11,TRUE
8.12,TRUE
8.12,TRUE
8.13,TRUE
8.13,TRUE
8.15,TRUE
8.15,TRUE
8.17,TRUE
8.19,TRUE
8.19,TRUE
8.19,TRUE
8.2,TRUE
8.2,TRUE
8.22,TRUE
8.23,TRUE
8.23,TRUE
8.23,TRUE
8.24,TRUE
8.24,TRUE
8.25,TRUE
8.25,TRUE
8.26,TRUE
8.28,TRUE
8.3,TRUE
8.33,TRUE
8.33,TRUE
8.33,TRUE
8.34,TRUE
8.34,TRUE
8.34,TRUE
8.36,TRUE
8.37,TRUE
8.37,TRUE
8.39,TRUE
8.42,TRUE
8.42,TRUE
8.44,TRUE
8.45,TRUE
8.45,TRUE
8.49,TRUE
8.51,TRUE
8.52,TRUE
8.52,TRUE
8.53,TRUE
8.54,TRUE
8.54,TRUE
8.56,TRUE
8.56,TRUE
8.56,TRUE
8.56,TRUE
8.57,TRUE
8.58,TRUE
8.58,TRUE
8.59,TRUE
8.59,TRUE
8.6,TRUE
8.62,TRUE
8.63,TRUE
8.64,TRUE
8.67,TRUE
8.67,TRUE
8.68,TRUE
8.69,TRUE
8.7,TRUE
8.7,TRUE
8.7,TRUE
8.71,TRUE
8.73,TRUE
8.75,TRUE
8.76,TRUE
8.77,TRUE
8.77,TRUE
8.77,TRUE
8.77,TRUE
8.78,TRUE
8.78,TRUE
8.79,TRUE
8.81,TRUE
8.81,TRUE
8.82,TRUE
8.83,TRUE
8.85,TRUE
8.86,TRUE
8.86,TRUE
8.87,TRUE
8.89,TRUE
8.89,TRUE
8.9,TRUE
8.91,TRUE
8.92,TRUE
8.93,TRUE
8.93,TRUE
8.94,TRUE
8.94,TRUE
8.97,TRUE
8.97,TRUE
8.98,TRUE
8.98,TRUE
8.98,TRUE
8.99,TRUE
9.01,TRUE
9.02,TRUE
9.02,TRUE
9.03,TRUE
9.04,TRUE
9.05,TRUE
9.05,TRUE
9.05,TRUE
9.06,TRUE
9.06,TRUE
9.06,FALSE
9.07,TRUE
9.09,TRUE
9.12,FALSE
9.13,FALSE
9.14,TRUE
9.14,TRUE
9.16,FALSE
9.16,FALSE
9.16,TRUE
9.17,TRUE
9.19,FALSE
9.19,TRUE
9.19,TRUE
9.2,FALSE
9.2,TRUE
9.2,TRUE
9.2,TRUE
9.21,TRUE
9.21,TRUE
9.24,FALSE
9.24,TRUE
9.27,TRUE
9.27,FALSE
9.28,TRUE
9.28,FALSE
9.3,FALSE
9.3,FALSE
9.32,FALSE
9.32,FALSE
9.33,TRUE
9.34,TRUE
9.37,TRUE
9.38,TRUE
9.39,FALSE
9.4,TRUE
9.43,TRUE
9.46,TRUE
9.47,TRUE
9.48,FALSE
9.49,TRUE
9.49,TRUE
9.5,TRUE
9.52,TRUE
9.53,FALSE
9.53,TRUE
9.54,TRUE
9.54,TRUE
9.54,FALSE
9.55,TRUE
9.55,TRUE
9.59,TRUE
9.59,TRUE
9.6,TRUE
9.61,TRUE
9.61,TRUE
9.62,TRUE
9.62,TRUE
9.62,TRUE
9.62,TRUE
9.65,TRUE
9.65,TRUE
9.67,TRUE
9.67,TRUE
9.69,TRUE
9.74,TRUE
9.74,TRUE
9.75,TRUE
9.75,TRUE
9.75,TRUE
9.75,TRUE
9.75,TRUE
9.77,TRUE
9.77,TRUE
9.78,TRUE
9.78,TRUE
9.8,TRUE
9.81,TRUE
9.83,TRUE
9.88,TRUE
9.89,TRUE
9.89,TRUE
9.9,TRUE
9.9,TRUE
9.93,TRUE
9.93,TRUE
9.94,TRUE
9.97,TRUE
9.98,TRUE
9.98,TRUE
9.99,TRUE
10,TRUE
